[
  {
    "description": " As a user \n I can login to the application ",
    "keyword": "Feature",
    "name": "Login",
    "line": 1,
    "id": "login",
    "tags": [],
    "uri": "features\\login.feature",
    "elements": [
      {
        "id": "login;user-login-to-application",
        "keyword": "Scenario",
        "line": 5,
        "name": "User login to application",
        "tags": [],
        "type": "scenario",
        "steps": [
          {
            "keyword": "Before",
            "hidden": true,
            "match": {
              "location": "features\\support\\steps.js:3"
            },
            "result": {
              "status": "passed",
              "duration": 1065000000
            }
          },
          {
            "arguments": [],
            "keyword": "Given ",
            "line": 6,
            "name": "I opene a login page",
            "match": {
              "location": "features\\support\\steps.js:13"
            },
            "result": {
              "status": "passed",
              "duration": 4021000000
            }
          },
          {
            "keyword": "After",
            "hidden": true,
            "match": {
              "location": "features\\support\\steps.js:8"
            },
            "result": {
              "status": "passed",
              "duration": 13000000
            }
          }
        ]
      }
    ]
  }
]